{"model.transmat_": [[1.0]], "model.means_": [[0.014236302449658733, 0.017180737089573517, 0.010925341487697079, 0.015452763332537693, 0.0111002974351962, 0.018920827519370027, 0.011655294004776984, 0.012309335825954684, 0.01485357783324874, 0.017632221121899484, 0.013500417710634777, 0.019230103269138325, 0.016494517307030672, 0.022964812498603465, 0.01793758390476299, 0.01228321035308909]], "model.covars_": [[[0.009432908045106573, 0.001639431429065734, 0.0013414442154235575, 0.003133583517055007, 0.001993134581090163, 0.0021684577838093494, 0.0019802967222561324, 0.002647608969067231, 0.00150545064928714, 0.0016176580854347568, 0.0022744333903196713, 0.0016118146449800056, 0.0029456263724472794, 0.00407294141878385, 0.00023175369627267283, 0.0020398695047923235], [0.0016394314290657341, 0.002273574134171014, 0.0008727734205308724, 0.001525830710427749, 0.000953995847770319, 0.0009260284797091053, 0.0013672375892679104, 0.0016896271988990584, 0.0011777495672961723, 0.0014793257409740814, 0.0012755854579050974, 0.0013810359639828214, 0.0011978666594442933, 0.0018070096399056522, 0.0006529584021181537, 0.001423904068106957], [0.0013414442154235575, 0.0008727734205308724, 0.005183645921450777, 0.0035479234290182095, 0.0013164288565797359, 0.0017009161534171208, 0.0009810606348991393, 0.0014162955467848187, 0.001883710903755581, 0.0017750924816691937, 0.00252983690105848, 0.0016082223035242922, 0.001809314662038704, 0.004164559550192538, 0.0018713248008883421, 0.0019264872403803128], [0.003133583517055007, 0.001525830710427749, 0.0035479234290182095, 0.013095335575973702, 0.0032406508382259577, 0.0034143309809873644, 0.0022860057172909886, 0.003994085451362746, 0.002637632887473718, 0.002820991698236095, 0.004164685549042963, 0.0021979459003888696, 0.0037696753256068393, 0.00691980876951455, 0.001929369455294939, 0.0025189462356522193], [0.0019931345810901627, 0.000953995847770319, 0.0013164288565797359, 0.0032406508382259577, 0.003467072572521693, 0.0018196530081982566, 0.0012240241533331786, 0.002450634688291959, 0.001079737724243498, 0.0016196611468665219, 0.002020736524131799, 0.0014321184870535074, 0.0020747565405570714, 0.003215023220574528, 0.0013582599935944436, 0.0011710292259919793], [0.0021684577838093494, 0.0009260284797091053, 0.0017009161534171208, 0.0034143309809873644, 0.0018196530081982566, 0.00647700628205394, 0.001264365950682105, 0.0022746433278339286, 0.0009508778109028777, 0.0015356605588445998, 0.001833530608856255, 0.000659281242331273, 0.0003888230770037005, 0.0028096626329704656, 0.0013637309145588168, 0.001076285735870667], [0.0019802967222561324, 0.0013672375892679104, 0.0009810606348991393, 0.0022860057172909886, 0.0012240241533331786, 0.001264365950682105, 0.004154313352015105, 0.0017773113766266506, 0.0011709480871521345, 0.0014888729333137779, 0.0013457432575253684, 0.0016872014095759985, 0.0012022076660616688, 0.0026141212503075486, 0.0015754598021100478, 0.0012835119944373645], [0.002647608969067231, 0.0016896271988990584, 0.0014162955467848187, 0.003994085451362746, 0.002450634688291959, 0.002274643327833928, 0.0017773113766266506, 0.006857026198281102, 0.00212730244397688, 0.0031390156073047683, 0.002389843951713175, 0.002932731600582743, 0.002567401616486569, 0.004711592434277953, 0.00035759236838213356, 0.002311508600907242], [0.00150545064928714, 0.0011777495672961723, 0.001883710903755581, 0.002637632887473718, 0.001079737724243498, 0.0009508778109028777, 0.0011709480871521345, 0.00212730244397688, 0.0030260007749296587, 0.002005791290908365, 0.0010994584086914322, 0.0016129872454118213, 0.001574809563302957, 0.0031597128172464605, 0.0006012672567453196, 0.0023952056178898843], [0.0016176580854347568, 0.0014793257409740814, 0.0017750924816691937, 0.002820991698236095, 0.0016196611468665219, 0.0015356605588445994, 0.0014888729333137779, 0.0031390156073047683, 0.002005791290908365, 0.003300349929109762, 0.0020914195691328482, 0.0022322568662708274, 0.0018192301336141159, 0.0035499930029334143, 0.0014151857745891049, 0.0021794989041577888], [0.0022744333903196713, 0.0012755854579050974, 0.00252983690105848, 0.004164685549042963, 0.002020736524131799, 0.001833530608856255, 0.0013457432575253684, 0.002389843951713175, 0.0010994584086914322, 0.0020914195691328482, 0.008161932561897236, 0.0014994611042489258, 0.0020422723512647538, 0.00411479207822643, 0.001354046713301323, 0.0010856305308106125], [0.0016118146449800056, 0.0013810359639828214, 0.0016082223035242922, 0.002197945900388869, 0.0014321184870535074, 0.000659281242331273, 0.0016872014095759985, 0.002932731600582742, 0.0016129872454118213, 0.0022322568662708274, 0.0014994611042489258, 0.004626386001593738, 0.002362776021283832, 0.0028204064274711233, 0.0003442694803752344, 0.0018120221441695736], [0.0029456263724472794, 0.0011978666594442933, 0.001809314662038704, 0.0037696753256068393, 0.0020747565405570714, 0.0003888230770037005, 0.0012022076660616686, 0.002567401616486569, 0.001574809563302957, 0.0018192301336141155, 0.0020422723512647538, 0.002362776021283832, 0.006585561340913127, 0.003668347941341071, 0.0009869289936605642, 0.0022073669153842945], [0.00407294141878385, 0.0018070096399056522, 0.004164559550192538, 0.00691980876951455, 0.003215023220574528, 0.0028096626329704656, 0.0026141212503075486, 0.004711592434277953, 0.0031597128172464605, 0.0035499930029334143, 0.00411479207822643, 0.0028204064274711233, 0.003668347941341071, 0.011396257770695382, 0.0026802681265755157, 0.0035483563598337274], [0.00023175369627267283, 0.0006529584021181537, 0.0018713248008883421, 0.0019293694552949385, 0.0013582599935944436, 0.0013637309145588168, 0.0015754598021100478, 0.00035759236838213356, 0.0006012672567453196, 0.0014151857745891049, 0.001354046713301323, 0.0003442694803752344, 0.0009869289936605642, 0.0026802681265755157, 0.012819385231827391, 0.0009984833110652713], [0.0020398695047923235, 0.001423904068106957, 0.0019264872403803128, 0.0025189462356522193, 0.0011710292259919793, 0.001076285735870667, 0.0012835119944373645, 0.002311508600907242, 0.0023952056178898843, 0.0021794989041577888, 0.0010856305308106125, 0.0018120221441695736, 0.0022073669153842945, 0.0035483563598337274, 0.0009984833110652713, 0.0031437911273470686]]], "model.startprob_": [1.0]}