{"model.transmat_": [[0.8630952740895382, 0.13690472591046188], [0.9998232888104986, 0.00017671118950138406]], "model.means_": [[0.0076617689080546525, 0.015540142366849134, 0.007552223926246933, 0.013986179461683205], [0.03971867454473223, 0.02775157845074815, 0.10340242815693806, 0.00903536649128297]], "model.covars_": [[[0.0064502624837091335, 0.0014833890519246257, 0.002308115454234876, 0.001993680546680221], [0.0014833890519246257, 0.002344505026357097, 0.0011387919259154345, 0.0011028362418897919], [0.002308115454234876, 0.0011387919259154347, 0.0078104877652399, 0.0011218547887363716], [0.001993680546680221, 0.0011028362418897917, 0.0011218547887363712, 0.004444586025768987]], [[0.029395211147599524, 0.002166095612700091, -0.017156440168718486, -0.001547967098551563], [0.0021660956127000906, 0.002910208439819435, -0.003050430290270161, 0.00038255602043111485], [-0.017156440168718486, -0.003050430290270161, 0.045726520455021145, 0.004737612857483879], [-0.0015479670985515635, 0.0003825560204311146, 0.004737612857483878, 0.007761126073612816]]], "model.startprob_": [1.0, 1.5489374904004558e-35]}