{"model.transmat_": [[0.26918521832967623, 0.7308147816703237], [0.42653394656513993, 0.5734660534348601]], "model.means_": [[0.049252953109604404, 0.06089456236443947, 0.0510248368850468, 0.044793477775308455, 0.1001470899860149, 0.044568552292939594, 0.03959152185326123, 0.0320942595773046], [0.0006486791279924509, -0.02255996405776299, 0.009847096405126965, -0.0141968839950938, -0.0011121083104707772, -0.0005611305640546027, 0.004847971083015732, 0.0018302238836524385]], "model.covars_": [[[0.0034360236354564174, -0.00021457044729440155, 0.0017598991194885437, 0.001000735755399772, 0.0014035685558556272, 0.0009475475897615348, 0.001260081996425123, 0.00027913301640049884], [-0.0002145704472944003, 0.01574703270698515, 0.0019282559148526386, 0.0019709099606457707, 0.003088115734436229, 0.0010746050848463027, 0.0007983657095408204, 0.0019099042543243897], [0.0017598991194885444, 0.0019282559148526386, 0.0063875253640253895, 0.0020804876536993865, 0.005103134453910773, 0.0012519638374058604, 0.0035105269203391434, 0.0009964997023369092], [0.001000735755399772, 0.0019709099606457707, 0.0020804876536993865, 0.007790709807309046, 0.0010017249193660792, 0.0021256575935733467, 0.0023268562413935505, 0.0014799484329030966], [0.0014035685558556272, 0.003088115734436229, 0.005103134453910774, 0.0010017249193660792, 0.022021631076847854, -0.001629167756610594, 0.003465224126508588, 0.00040927023568599073], [0.0009475475897615348, 0.0010746050848463027, 0.0012519638374058604, 0.0021256575935733467, -0.001629167756610594, 0.0038894246799880327, 0.0018743028631616353, 0.0009076448069793228], [0.001260081996425123, 0.000798365709540821, 0.0035105269203391434, 0.0023268562413935505, 0.003465224126508588, 0.0018743028631616353, 0.003610123466392633, 0.0012519460247103595], [0.00027913301640049884, 0.0019099042543243904, 0.0009964997023369092, 0.0014799484329030969, 0.00040927023568599073, 0.0009076448069793228, 0.0012519460247103595, 0.0037232111466618963]], [[0.0035500691320985377, 0.0027839112081715234, 0.0025976452130906814, 0.0017785279183960955, 0.003169872330773817, 0.001280978413565595, 0.0020926669157433145, 0.0020037247636942425], [0.0027839112081715234, 0.008426406034238994, 0.003237412898456983, 0.0030409972092728076, 0.00456346090637982, 0.0013607348929466664, 0.0025538400375642745, 0.0023345930795417975], [0.0025976452130906814, 0.003237412898456983, 0.003943037926854112, 0.002284596872842287, 0.0033985151597712357, 0.001939549291444332, 0.0024433358287213876, 0.002085789638974457], [0.0017785279183960955, 0.0030409972092728076, 0.002284596872842287, 0.003909594789388762, 0.0026044203798944745, 0.0008171268087924115, 0.0016238623838951789, 0.0017419581293200185], [0.003169872330773817, 0.004563460906379819, 0.0033985151597712357, 0.002604420379894474, 0.0070161751693396225, 0.0008376080818324669, 0.0019326905751136695, 0.0025523858063260713], [0.0012809784135655953, 0.0013607348929466662, 0.001939549291444332, 0.0008171268087924116, 0.0008376080818324668, 0.004434874702334815, 0.0021403792716504465, 0.0015863297013181048], [0.0020926669157433145, 0.0025538400375642745, 0.0024433358287213876, 0.0016238623838951789, 0.0019326905751136695, 0.0021403792716504465, 0.00412273089709362, 0.0025260476233533117], [0.0020037247636942425, 0.0023345930795417975, 0.0020857896389744573, 0.0017419581293200185, 0.0025523858063260713, 0.0015863297013181048, 0.0025260476233533117, 0.002538062085077639]]], "model.startprob_": [1.0, 2.7667615839363077e-154]}