{"model.transmat_": [[1.0, 0.0], [0.0, 1.0]], "model.means_": [[0.02, 0.03], [0.01, 0.02]], "model.covars_": [[[0.002, -0.0004898979485566357], [-0.0004898979485566357, 0.003]], [[0.0009999999999999998, 0.0007348469228349534], [0.0007348469228349534, 0.0015]]], "model.startprob_": [1.0, 0.0]}