{"model.transmat_": [[0.641434162208396, 0.35856583779160395], [0.7857418977064035, 0.21425810229359654]], "model.means_": [[0.0014958353982448753, -0.02059801790880589, 0.008886089084441655, -0.008242955651174047, 0.004995747618322921, 0.0013830008299182954, 0.0059550699789091485, 0.005198747633892945, 0.004354705495583085, -0.005522172823185676, 0.0037457853733385057, -0.0009886639769591669], [0.055962598800216104, 0.0713275355508769, 0.060307931107779024, 0.042377624400467315, 0.10481564792633279, 0.048317147256653564, 0.04331261985581561, 0.030181816389944657, 0.07554032652810563, 0.058564905320401664, 0.035235477270088286, 0.03962428566705885]], "model.covars_": [[[0.0034641072064991165, 0.002431006226506848, 0.0024157556954545185, 0.0019471948368076234, 0.003207048365634336, 0.0015798328391514536, 0.0020413904158876487, 0.0018996717011275173, 0.0013377038975215033, 0.0013892419298947715, 0.0014120237497978775, 0.0024778534506865574], [0.002431006226506848, 0.008098224049324372, 0.00246515909939508, 0.0030950222079628503, 0.00451216951993481, 0.0013798966738091621, 0.002150326059627611, 0.0022799666042358363, 0.0031168546278585226, 0.002514752252495182, 0.0012887388421655782, 0.002852299912874434], [0.002415755695454519, 0.00246515909939508, 0.003997600890262613, 0.0021200082757716174, 0.0035736360537034213, 0.002011979342101165, 0.002537711353987454, 0.0017267853516598436, 0.002585976632595581, 0.0020361098074808915, 0.0016685161522712268, 0.0022667947975580187], [0.0019471948368076234, 0.0030950222079628503, 0.0021200082757716174, 0.004053091447471821, 0.0026538056384832654, 0.0009788393026746109, 0.0016834362218750057, 0.0018508222045314554, 0.0017365394813041773, 0.0022004797581740908, 0.0015046575792747397, 0.00261285059990516], [0.0032070483656343376, 0.00451216951993481, 0.0035736360537034213, 0.002653805638483266, 0.008060471742587276, 0.0009200180268109557, 0.0022006742810142346, 0.00210139654950904, 0.003576459520614439, 0.0025357114781103677, 0.0013371932829329529, 0.002661259124685124], [0.0015798328391514536, 0.0013798966738091621, 0.0020119793421011656, 0.0009788393026746109, 0.0009200180268109557, 0.004223603569906034, 0.0021422850330657314, 0.0016539366270782825, 0.0015533595491677291, 0.001274269503696402, 0.0005642717948537889, 0.001839947929209098], [0.0020413904158876487, 0.0021503260596276107, 0.002537711353987454, 0.0016834362218750057, 0.0022006742810142346, 0.0021422850330657314, 0.004028229263699501, 0.00230797227021527, 0.0019419819646616999, 0.0020287761995330857, 0.0017427813551598335, 0.0016883933628751918], [0.0018996717011275173, 0.0022799666042358363, 0.0017267853516598436, 0.0018508222045314554, 0.00210139654950904, 0.001653936627078283, 0.00230797227021527, 0.003237442683032842, 0.001408106165574129, 0.0014850537529088844, 0.0011674483667666808, 0.0020786498528761665], [0.0013377038975215033, 0.0031168546278585217, 0.002585976632595581, 0.001736539481304177, 0.003576459520614439, 0.0015533595491677293, 0.0019419819646616999, 0.001408106165574129, 0.0052800760339770155, 0.0019016427187175812, 0.0011945768752004199, 0.0021746655804686862], [0.0013892419298947715, 0.0025147522524951826, 0.0020361098074808915, 0.0022004797581740908, 0.0025357114781103677, 0.001274269503696402, 0.0020287761995330857, 0.0014850537529088844, 0.0019016427187175812, 0.0034760240494214186, 0.0018333215639709335, 0.0017964943664280017], [0.0014120237497978777, 0.0012887388421655782, 0.0016685161522712268, 0.0015046575792747395, 0.0013371932829329529, 0.0005642717948537889, 0.0017427813551598335, 0.0011674483667666808, 0.0011945768752004199, 0.0018333215639709335, 0.00368113504584069, 0.0010141627038842257], [0.0024778534506865574, 0.002852299912874434, 0.0022667947975580187, 0.00261285059990516, 0.002661259124685124, 0.001839947929209098, 0.0016883933628751918, 0.0020786498528761665, 0.0021746655804686862, 0.0017964943664280017, 0.0010141627038842257, 0.009684859344028268]], [[0.003315886379466228, -0.0004131115438984094, 0.0015659055143648613, 0.0007326804199823451, 0.0009286093543719873, 0.0001194870141451239, 0.001079215508224442, 0.0003543073623334187, 0.0024501210009877723, 0.0024505389031711485, 0.0008912335468293372, 0.0014964546670512826], [-0.0004131115438984094, 0.01709788051222398, 0.0026597480725766343, 0.002117272100427889, 0.002901146164835026, 0.0008130217087714038, 0.0011475492040519642, 0.0022451832662840282, -0.00033210070194568804, 0.0007026693792743009, 0.001895048600201221, 0.0012738119352439566], [0.0015659055143648621, 0.0026597480725766343, 0.006144104677717323, 0.0024101570162531278, 0.004595136942094188, 0.0006979631761037649, 0.003238347290432031, 0.0016161162899990351, 0.0016155170081777485, 0.0024752684547668727, 0.000681408699985503, 0.0014955056486982473], [0.0007326804199823451, 0.002117272100427889, 0.0024101570162531278, 0.008977483817273332, 0.001565059011415448, 0.002347644074306196, 0.0025412557680308547, 0.001652091401927934, -0.0006261409742518228, 0.0025054825841511166, 0.002731115634257594, 0.0018134206084018621], [0.0009286093543719888, 0.0029011461648350244, 0.004595136942094187, 0.001565059011415447, 0.02316641358408755, -0.0020701638540876893, 0.0032058185208134727, 0.0015548588694701806, -0.0022931596071109803, 0.0031062261730796323, 0.0005729833817120581, 0.006151217607041178], [0.0001194870141451239, 0.000813021708771403, 0.0006979631761037649, 0.0023476440743061956, -0.0020701638540876893, 0.00424340222165206, 0.001781847767265448, 0.0008492353848660478, 0.0009946873335096374, 0.0006588509886072253, 0.0009887364908133527, 1.4730689741858641e-05], [0.001079215508224442, 0.0011475492040519642, 0.003238347290432031, 0.0025412557680308547, 0.0032058185208134727, 0.001781847767265448, 0.0036594866967042945, 0.0016333329783337484, 0.0014587784411694987, 0.0018607809745670159, 0.0007906169684319029, 0.0009588867265232956], [0.0003543073623334187, 0.002245183266284029, 0.0016161162899990351, 0.001652091401927934, 0.0015548588694701806, 0.0008492353848660478, 0.001633332978333748, 0.0026802797524891047, -0.00020703313955023174, 0.0001603961817612926, 0.001113949826915474, -0.0007804177466483367], [0.0024501210009877723, -0.0003321007019456858, 0.0016155170081777485, -0.0006261409742518228, -0.0022931596071109803, 0.0009946873335096374, 0.0014587784411694987, -0.00020703313955023174, 0.005466149639296626, 0.0030247001818693867, 0.0015609967933765817, 0.0007220045763331693], [0.00245053890317115, 0.0007026693792743002, 0.0024752684547668727, 0.0025054825841511166, 0.0031062261730796323, 0.0006588509886072253, 0.0018607809745670152, 0.00016039618176129296, 0.003024700181869388, 0.01113743055110545, 0.002499040649150775, 0.0020280450527259825], [0.0008912335468293368, 0.001895048600201221, 0.000681408699985503, 0.002731115634257595, 0.0005729833817120589, 0.0009887364908133533, 0.0007906169684319029, 0.001113949826915474, 0.0015609967933765817, 0.002499040649150775, 0.004782632356211837, 0.002399840672629126], [0.001496454667051282, 0.0012738119352439581, 0.0014955056486982473, 0.0018134206084018621, 0.006151217607041178, 1.4730689741858641e-05, 0.0009588867265232952, -0.0007804177466483367, 0.0007220045763331693, 0.0020280450527259825, 0.0023998406726291267, 0.006500716778209875]]], "model.startprob_": [1.6911477741424734e-226, 1.0]}