{"model.transmat_": [[0.6550589587817016, 0.3449410412182984], [0.8587889787815862, 0.14121102121841367]], "model.means_": [[0.012382281891759685, -0.015429043870712122, 0.02834650943464652, -0.014750418752272208], [0.034392105480344964, 0.06685120481063392, 0.017739479566616326, 0.06253066361942863]], "model.covars_": [[[0.003494026163072141, 0.0025208264385125317, 0.0030597598035823287, 0.0020770685780339936], [0.002520826438512532, 0.007241265044800103, 0.0035010104831008667, 0.0028258243930223076], [0.0030597598035823287, 0.003501010483100866, 0.00484991873616276, 0.0026082629255088866], [0.0020770685780339936, 0.0028258243930223076, 0.002608262925508886, 0.0034279038388024623]], [[0.005087397424598233, 0.0015525138553783905, 0.002176201234668392, 0.0011535199324611619], [0.0015525138553783905, 0.021431258812931266, 0.004294055752692494, 0.001634538036171098], [0.002176201234668392, 0.004294055752692494, 0.0061513480559686785, 0.0037646590376581475], [0.0011535199324611619, 0.001634538036171098, 0.0037646590376581484, 0.008593740181635919]]], "model.startprob_": [2.3556917179794164e-37, 1.0]}