{"model.transmat_": [[1.0]], "model.means_": [[0.01485357783324874, 0.016185559211845807, 0.01793758390476299, 0.02090794346706014, 0.017180737089573517, 0.012309335825954684, 0.015499090060397869, 0.018586465131620225]], "model.covars_": [[[0.0030260007749296587, 0.0010077046685021142, 0.0006012672567453196, 0.0021057556811816588, 0.0011777495672961723, 0.00212730244397688, 0.0014111540728258016, 0.0017694111486850892], [0.0010077046685021142, 0.008931755668880116, 0.0030088798056238848, 0.0011187078963679528, 0.0009751876503302926, 0.0017902767664173605, 0.0023043714356528293, 0.0014478096471176956], [0.0006012672567453196, 0.0030088798056238848, 0.012819385231827391, 0.001255475072129368, 0.0006529584021181537, 0.00035759236838213356, 0.0029144539152932717, 0.002364810129496542], [0.0021057556811816588, 0.0011187078963679528, 0.001255475072129368, 0.00419445610293221, 0.001527923506130416, 0.0032292840301621443, 0.002504752871702623, 0.0022966449486124464], [0.0011777495672961723, 0.0009751876503302926, 0.0006529584021181537, 0.0015279235061304156, 0.002273574134171014, 0.0016896271988990584, 0.0010701386848834132, 0.0010419434329095104], [0.00212730244397688, 0.0017902767664173605, 0.00035759236838213356, 0.003229284030162144, 0.0016896271988990584, 0.006857026198281102, 0.0030807580740447715, 0.0020993949325277574], [0.0014111540728258016, 0.0023043714356528293, 0.0029144539152932717, 0.002504752871702623, 0.0010701386848834132, 0.0030807580740447715, 0.006895439501516205, 0.0025240946911517727], [0.0017694111486850892, 0.0014478096471176956, 0.002364810129496542, 0.002296644948612446, 0.0010419434329095104, 0.0020993949325277574, 0.0025240946911517727, 0.004332049934580299]]], "model.startprob_": [1.0]}