{"model.transmat_": [[0.5051401925626168, 0.4948598074373833], [0.6515615475072103, 0.3484384524927897]], "model.means_": [[0.011624404295819598, 0.009302445383808608, 0.0006498660677109518, -0.005515318260886336, 0.00363788602280061, 0.01421239625434624, 0.0003619095977757235, -0.004266024991828774, 0.009987843431301912, 0.007117841631879959, -0.0021553358403144226, 0.0055018430352217875, 0.0001673190134191267, -0.008507921356085675, -0.0017201943010986213, 0.004694444285642939], [0.017722187305743407, 0.027695242683365092, 0.02463917029950202, 0.043437130939012226, 0.02105976193197181, 0.025204782052030212, 0.026727641914078462, 0.03443110162832745, 0.02134747187753047, 0.03166489547466133, 0.03439485960671636, 0.037552078947816786, 0.03828508107398551, 0.06496887232859187, 0.04417319774422246, 0.022411309977497837]], "model.covars_": [[[0.006529284644297328, 0.0017273806570752585, 0.003115845585455224, 0.0046581948328783575, 0.0024246208090146727, 0.0023974070072359764, 0.0018670317682439753, 0.0028060054966594005, 0.00262664648426295, 0.001758807179812736, 0.001495767025370894, 0.001959013609756831, 0.0031692002060704854, 0.005104480888256817, 0.0004090087912298175, 0.0025429624872060235], [0.0017273806570752585, 0.0025663906647607868, 0.0012901833027625152, 0.0015792027413343687, 0.001069460788251628, 0.0006942397611000575, 0.0016367393296981686, 0.0016487374584414156, 0.0014711204275604196, 0.0015293820528117375, 0.0007671384805641562, 0.0016913931542620138, 0.001058141500235863, 0.002072680274815988, 0.0005844489913150024, 0.001632934440022502], [0.003115845585455224, 0.0012901833027625152, 0.005029534745984587, 0.003189216064266136, 0.0017017686401177789, 0.001894193138992887, 0.0015612379138921282, 0.0016379813022608042, 0.001652562037531283, 0.0015991344795698009, 0.001826067082867119, 0.0016677831797600384, 0.002601669094628867, 0.0033520940509408534, 0.001029367022999189, 0.001790441637137889], [0.0046581948328783575, 0.0015792027413343687, 0.003189216064266136, 0.008673566192776792, 0.002085475082140454, 0.0016444826976161496, 0.0022584755559837276, 0.00353499462369012, 0.002486064995490409, 0.0015876969663945273, 0.0013538252034389724, 0.0014034474724447827, 0.0035231837574278132, 0.005049403608362628, 0.0004548468550861124, 0.002190444522469632], [0.0024246208090146727, 0.001069460788251628, 0.0017017686401177789, 0.002085475082140454, 0.0022576946394600814, 0.0015000244134527024, 0.0014392808774380966, 0.00232067146331354, 0.001338472559976064, 0.0011921905332739169, 0.0016208079738227084, 0.0012153813450439723, 0.0012827804467514588, 0.0025670918654832875, 0.00039201784375909247, 0.0011031250595619233], [0.0023974070072359764, 0.0006942397611000575, 0.001894193138992887, 0.00164448269761615, 0.0015000244134527024, 0.005099602504165724, 0.0013052015719511782, 0.001964950192086859, 0.00106036268921039, 0.0013648793136751345, 0.0013247128752474993, 0.0010213748464602422, 0.0012253814138500267, 0.002304326057908933, 0.0009726608142076994, 0.0010673455901407966], [0.0018670317682439748, 0.0016367393296981686, 0.0015612379138921282, 0.0022584755559837276, 0.0014392808774380966, 0.0013052015719511782, 0.003603284913223233, 0.0021255395588342467, 0.0020076939848545088, 0.0016957464394328574, 0.0010240201943398494, 0.00213779082530716, 0.0014939471599019647, 0.0030470756647577478, 0.0014086197406922374, 0.002147821261341309], [0.0028060054966594005, 0.0016487374584414156, 0.0016379813022608044, 0.00353499462369012, 0.00232067146331354, 0.0019649501920868586, 0.0021255395588342467, 0.005354200932524244, 0.0023463300296838086, 0.00269644996135495, 0.0006938070965763965, 0.002437787690688468, 0.0014273481698669419, 0.0037301567204172732, -0.000622626241595944, 0.002419775758451068], [0.0026266464842629508, 0.0014711204275604196, 0.001652562037531283, 0.00248606499549041, 0.001338472559976064, 0.0010603626892103897, 0.0020076939848545088, 0.002346330029683809, 0.0031234939026008614, 0.0017013379554981784, -0.00028436407119839863, 0.0015194590583254345, 0.0016793455121803995, 0.0029376612852514044, -0.00011339313552367082, 0.0025167800794103426], [0.0017588071798127364, 0.0015293820528117375, 0.0015991344795698009, 0.0015876969663945273, 0.0011921905332739167, 0.0013648793136751345, 0.0016957464394328574, 0.00269644996135495, 0.0017013379554981784, 0.0029739846714642434, 0.0003576445557448978, 0.0021451893768003657, 0.0009620370214412946, 0.001980450029640469, 0.0004918023673322609, 0.0017903723070316375], [0.001495767025370894, 0.0007671384805641562, 0.001826067082867119, 0.0013538252034389724, 0.0016208079738227084, 0.0013247128752474993, 0.0010240201943398494, 0.0006938070965763969, -0.00028436407119839863, 0.0003576445557448978, 0.006534787525618151, 0.000263095115978774, 0.0012884520268905343, 0.002017438214197331, 0.0017908143887768965, -0.0004708662858020087], [0.0019590136097568313, 0.0016913931542620138, 0.0016677831797600384, 0.0014034474724447827, 0.0012153813450439723, 0.0010213748464602424, 0.00213779082530716, 0.002437787690688468, 0.0015194590583254345, 0.0021451893768003657, 0.000263095115978774, 0.00500943048673793, 0.0013508566335047384, 0.00201461762852592, -0.0008487230513968355, 0.0014118972939766374], [0.0031692002060704854, 0.001058141500235863, 0.002601669094628867, 0.0035231837574278132, 0.0012827804467514588, 0.0012253814138500267, 0.0014939471599019647, 0.0014273481698669419, 0.0016793455121803995, 0.0009620370214412945, 0.0012884520268905343, 0.0013508566335047384, 0.004817177530124654, 0.002196060227153009, -1.9432742532935176e-05, 0.0016492413027909144], [0.005104480888256817, 0.002072680274815988, 0.0033520940509408534, 0.005049403608362628, 0.0025670918654832875, 0.002304326057908933, 0.0030470756647577478, 0.0037301567204172732, 0.0029376612852514044, 0.001980450029640469, 0.002017438214197331, 0.00201461762852592, 0.0021960602271530088, 0.007807118008934871, 0.0002810675643143154, 0.0031558003173431846], [0.0004090087912298175, 0.0005844489913150022, 0.0010293670229991894, 0.0004548468550861123, 0.0003920178437590926, 0.0009726608142076995, 0.0014086197406922374, -0.000622626241595944, -0.00011339313552367073, 0.0004918023673322608, 0.001790814388776896, -0.0008487230513968355, -1.943274253293527e-05, 0.0002810675643143154, 0.013336738991767547, 0.0006067136939024351], [0.0025429624872060235, 0.0016329344400225023, 0.0017904416371378896, 0.0021904445224696315, 0.0011031250595619233, 0.0010673455901407966, 0.002147821261341309, 0.002419775758451068, 0.002516780079410343, 0.0017903723070316375, -0.0004708662858020087, 0.0014118972939766374, 0.0016492413027909144, 0.0031558003173431846, 0.0006067136939024351, 0.003179651283933347]], [[0.013466464294978386, 0.001637523638764934, -0.0009307408124892697, 0.0011077540055449626, 0.0015361208358441816, 0.0020041659214313024, 0.002219140157216589, 0.0024809024292829183, 0.0001490707230424053, 0.0015232957954085247, 0.0033658312943743566, 0.0012162993734143948, 0.0026939526607759946, 0.002619685156915533, 1.4792830718579058e-05, 0.0014862598349867666], [0.001637523638764934, 0.0018689708702037807, 0.00024304119175169302, 0.0011194746234091675, 0.0007962978692970658, 0.001299384204289099, 0.0009099191812791917, 0.0015169041635268098, 0.0008463567785223068, 0.0013340055364883354, 0.0017494463900010208, 0.0008094214148001344, 0.0011631428306066328, 0.0008594547739128373, 0.0004414318877098968, 0.0011382303603204831], [-0.0009307408124892699, 0.00024304119175169289, 0.005239926131819014, 0.00353492098729815, 0.0007428129909066132, 0.001471803576309191, 2.4756732017469506e-05, 0.0007693300566946094, 0.0022160081722583727, 0.0018528809654239369, 0.0031474432161959017, 0.0012687858277874713, 0.00040867010318010815, 0.0044208279712773055, 0.002545228179838962, 0.002044675971167437], [0.001107754005544963, 0.001119474623409168, 0.00353492098729815, 0.0178063887827564, 0.004474414339078545, 0.005648372378146473, 0.0017645055634059922, 0.0037034674226313303, 0.0027016119805598413, 