{"model.transmat_": [[0.8192259839453787, 0.1807740160546213], [0.8839315223520243, 0.11606847764797575]], "model.means_": [[0.02369103747804126, 0.0006604704380772384], [-0.003912756092157333, 0.04591329274060377]], "model.covars_": [[[0.0034112662053503366, 0.0014308182022976163], [0.0014308182022976163, 0.00594735995222041]], [[0.006463813656993167, 0.00915745129279582], [0.009157451292795821, 0.04307263729092809]]], "model.startprob_": [5.431486344582347e-31, 1.0]}