{"model.transmat_": [[0.5944370060126878, 0.40556299398731227], [0.9999511298795496, 4.887012045037548e-05]], "model.means_": [[0.00784845179347319, 0.0034890855261598087, 0.0012493009287785413, 0.0033356199920640713, 0.00672791135966232, -0.004049281343331487, 0.010074448554814338, 0.0064360385115837275], [0.03231352329727748, 0.050506190039247376, 0.06296627206753899, 0.02984236348679842, 0.10061427166794014, 0.05471930737224225, 0.02884222925215373, 0.0397450080802835]], "model.covars_": [[[0.0028043423895820667, 0.0023246798536820062, 0.0008965996491261161, 0.0017915042545518188, 0.002363647094539352, 0.0021422697692762374, 0.0021876331391357, 0.001489900710977666], [0.0023246798536820062, 0.0060454122071797785, 0.0008150619685802077, 0.0023143529992880473, 0.0030106464055072537, 0.003049649981641006, 0.0015846083730259616, 0.0021380153959050974], [0.0008965996491261162, 0.0008150619685802077, 0.005099023924483888, 0.0017352454155458662, 0.004362452297050276, 0.0011627498480324585, 0.001777255705814016, 0.0010507579244193443], [0.0017915042545518188, 0.0023143529992880473, 0.0017352454155458662, 0.005232120551782818, 0.004026411739385402, 0.0018775161629359693, 0.0018455895536364643, 0.0019901735116614454], [0.002363647094539352, 0.0030106464055072537, 0.004362452297050276, 0.004026411739385402, 0.010110387389207642, 0.0035108801700803596, 0.003742974413880827, 0.0018608593784964537], [0.0021422697692762374, 0.0030496499816410057, 0.0011627498480324583, 0.0018775161629359693, 0.0035108801700803596, 0.004831314065095764, 0.0018433061298135725, 0.002815061621385115], [0.0021876331391356995, 0.0015846083730259616, 0.001777255705814016, 0.0018455895536364636, 0.003742974413880827, 0.0018433061298135725, 0.006542622101107858, 0.0022909581812673744], [0.001489900710977666, 0.002138015395905097, 0.0010507579244193443, 0.001990173511661445, 0.001860859378496454, 0.002815061621385115, 0.0022909581812673744, 0.00438428519860244]], [[0.003419965215923101, 0.001012310766518248, 0.00027723882203252513, 0.001919375531045117, 0.0013178203526139165, 0.0015111289583154878, 0.0008092139270827166, 0.0015472789420375784], [0.001012310766518248, 0.006155599590003925, 0.002208746856453284, 0.001315515258280229, 0.005357703172443049, 0.003061112436567116, 0.002419047713519599, 0.0017780862740293202], [0.0002772388220325244, 0.0022087468564532843, 0.007461860939092689, 0.0007165009992042017, -0.0008858617400218098, -7.990417665116012e-05, 0.002530922860983334, 0.000754639849699839], [0.001919375531045117, 0.001315515258280229, 0.0007165009992042017, 0.004830046756694607, 0.0017619119741917693, 0.001568286730029549, 0.0023120330022967793, 0.0007221845121714424], [0.0013178203526139172, 0.0053577031724430495, -0.0008858617400218098, 0.0017619119741917701, 0.0220928958790868, -0.0007641061238434369, 0.001984052350718126, 0.002676429038505655], [0.0015111289583154878, 0.003061112436567116, -7.990417665116012e-05, 0.0015682867300295484, -0.0007641061238434376, 0.008628212686163535, 0.0022106346943697934, 0.0020124399788297755], [0.0008092139270827163, 0.002419047713519599, 0.002530922860983334, 0.0023120330022967793, 0.001984052350718126, 0.002210634694369793, 0.0028457856718889173, 0.0011405045059484596], [0.0015472789420375777, 0.0017780862740293202, 0.0007546398496998378, 0.0007221845121714419, 0.002676429038505653, 0.002012439978829776, 0.001140504505948459, 0.003423195485765789]]], "model.startprob_": [1.0, 8.024928956790699e-71]}