{"model.transmat_": [[0.9867814799423573, 0.013218520057642656], [0.22209802881067886, 0.7779019711893211]], "model.means_": [[0.008754765481380905, 0.01263411016139818, 0.0028488487432972416], [-0.0692144463441222, -0.04408964106084831, 0.012207857304559764]], "model.covars_": [[[0.00206294207891679, 0.0011692838901029385, 7.253910696440663e-05], [0.0011692838901029385, 0.0014044700384666627, -9.347412774392719e-05], [7.253910696440664e-05, -9.347412774392719e-05, 0.00017655606336921845]], [[0.03102473433795369, 0.01439275278193761, 0.00024212731489117682], [0.01439275278193761, 0.008891525438023498, 0.0008076196836589], [0.00024212731489117682, 0.0008076196836588998, 0.001590096144205475]]], "model.startprob_": [1.0, 3.7903127761730854e-19]}