{"model.transmat_": [[0.547347424570951, 0.452652575429049], [0.4480889520215823, 0.5519110479784178]], "model.means_": [[0.019232965524463748, 0.02154501482673236, 0.028045528949449353, 0.05034859276574217, 0.023477778971410946], [0.01861756067705618, 0.022397965208529567, 0.003209012567280092, 0.004955549296608813, 0.004931021337826768]], "model.covars_": [[[0.0034443296739651505, 0.002678213440613215, 0.0018510647193849612, 0.0023724050912907147, 0.001569429858990825], [0.002678213440613215, 0.005136527118705724, 0.0019350923041683617, 0.0015283649505333633, 0.002441258155967225], [0.0018510647193849612, 0.0019350923041683617, 0.007202444910871352, 0.0018762447548117608, 0.0019491125165897237], [0.0023724050912907147, 0.0015283649505333633, 0.0018762447548117613, 0.006795575004130741, 0.0018761612641036264], [0.001569429858990825, 0.002441258155967225, 0.0019491125165897237, 0.001876161264103626, 0.004296906560974991]], [[0.009574965589880018, 0.0030561846707383546, 0.002590133635998254, 0.003312776738876396, 0.0014308026973372278], [0.0030561846707383546, 0.006009984042029351, 0.0038454434474488493, 0.004665761270876641, 0.0009499052051182305], [0.0025901336359982546, 0.0038454434474488493, 0.0036525201073360405, 0.003479636593166407, 0.0008358042736052531], [0.0033127767388763957, 0.004665761270876641, 0.003479636593166407, 0.005199456030970348, 0.0011869465146252163], [0.0014308026973372278, 0.0009499052051182303, 0.0008358042736052534, 0.0011869465146252163, 0.003923490479401279]]], "model.startprob_": [1.0400799978646363e-37, 1.0]}