{"model.transmat_": [[0.6984407777470315, 0.30155922225296844], [0.015784441585215116, 0.9842155584147849]], "model.means_": [[0.03105430169095073, 0.01622423687181391], [0.009894234418112534, 0.017063691363302786]], "model.covars_": [[[0.04691957235476761, 0.0013304837565977948], [0.0013304837565977948, 0.00361517867094117]], [[0.006190023811072577, 0.0016301306907779605], [0.0016301306907779605, 0.0023306370990000907]]], "model.startprob_": [0.9999999999999869, 1.3146634228090336e-14]}