{"model.transmat_": [[0.6166164685152576, 0.38338353148474236], [0.6946249448324903, 0.3053750551675098]], "model.means_": [[0.009579269244475582, 0.014372927175773481, 0.0009968554112594027, -0.005510901683653597, 0.010471337434954467, 0.00649737243419168, 0.0006061975636781343, 0.010107883555387855], [0.015009771411331065, 0.021821805094256665, 0.03614606540964719, 0.050909170994105926, 0.01424529396184898, 0.03874559278406209, 0.03287397918858569, 0.012971241961172874]], "model.covars_": [[[0.00474309408924551, 0.00151448377288984, 0.00162419721735503, 0.0011518817759923862, 0.002430582682152364, 0.002334654606169027, 0.0009969571856731753, 0.0016708236026408848], [0.00151448377288984, 0.0023802341598319235, 0.0010956502104370902, 0.0010995040776235771, 0.0010930836739511448, 0.001178324000065605, 0.0012387021775687945, 0.00143474241086864], [0.00162419721735503, 0.0010956502104370902, 0.004398446255671913, 0.002450350198713197, 0.001609396773486605, 0.0013511673166373501, 0.0012012522466328817, 0.0013579822075535314], [0.001151881775992386, 0.0010995040776235771, 0.002450350198713197, 0.005842110950888633, 0.0015625707384193314, 0.0013076604189721439, 0.001204041181365823, 0.001822407850592414], [0.002430582682152364, 0.0010930836739511448, 0.001609396773486605, 0.0015625707384193314, 0.002706987814218051, 0.001416311223102695, 0.0014290911529429352, 0.0024321357180080547], [0.002334654606169027, 0.001178324000065605, 0.0013511673166373506, 0.0013076604189721434, 0.001416311223102695, 0.00720801679915031, 0.0019981926220818676, 0.0018847041110678965], [0.0009969571856731753, 0.0012387021775687945, 0.001201252246632882, 0.001204041181365823, 0.0014290911529429352, 0.001998192622081868, 0.0031771971347688073, 0.0016517491771886506], [0.0016708236026408848, 0.00143474241086864, 0.0013579822075535312, 0.001822407850592414, 0.0024321357180080547, 0.0018847041110678965, 0.0016517491771886506, 0.0049991598826770005]], [[0.017649047436175302, 0.0017484071891499258, 0.0013002502260243693, 0.005960170713669112, 0.0008138159980945098, 0.001339371909893693, 0.0034049065217936726, 0.001995439058634421], [0.0017484071891499258, 0.0024792937919083328, 0.0006843356960526582, 0.0025760997457608564, 0.0007817269669589873, 0.0005736712668639257, 0.0016158417272182713, 0.0016431226698335004], [0.0013002502260243687, 0.0006843356960526583, 0.004861148281005264, 0.004733319348380946, 0.0011613265055103843, 0.0017994508693464607, -0.0008365229890678473, 0.0015621770235127249], [0.005960170713669112, 0.0025760997457608564, 0.004733319348380946, 0.025457634181347843, 0.006907173777974162, 0.006700400773710168, 0.0028338416242502944, 0.008059000385633279], [0.0008138159980945096, 0.0007817269669589873, 0.0011613265055103845, 0.006907173777974162, 0.005070898291800877, 0.002780716530635776, 0.0008724974148733981, 0.0021809663096897356], [0.0013393719098936925, 0.0005736712668639257, 0.0017994508693464613, 0.0067004007737101684, 0.0027807165306357766, 0.00524038960277848, -0.000806479618160788, 0.0023461123980068675], [0.003404906521793672, 0.0016158417272182713, -0.0008365229890678473, 0.0028338416242502944, 0.0008724974148733981, -0.000806479618160788, 0.005438812678515977, 0.0009942702376949883], [0.001995439058634421, 0.0016431226698335004, 0.0015621770235127249, 0.008059000385633279, 0.0021809663096897356, 0.0023461123980068675, 0.0009942702376949883, 0.006408623289675289]]], "model.startprob_": [1.0, 9.391579862369355e-76]}